competition,season,match_date,home_team,away_team,home_goals,away_goals,home_xg,away_xg,source_xg,understat_id
Bundesliga,2025-2026,2026-05-16,Bayer Leverkusen,Hamburger SV,1,1,3.0857,1.6305,understat,30521
Bundesliga,2025-2026,2026-05-16,Bayern Munich,FC Cologne,5,1,2.8152,0.8802,understat,30522
Bundesliga,2025-2026,2026-05-16,Borussia M.Gladbach,Hoffenheim,4,0,0.8456,1.7729,understat,30523
Bundesliga,2025-2026,2026-05-16,Eintracht Frankfurt,VfB Stuttgart,2,2,2.9923,1.8101,understat,30524
Bundesliga,2025-2026,2026-05-16,Freiburg,RasenBallsport Leipzig,4,1,2.5439,1.5134,understat,30525
Bundesliga,2025-2026,2026-05-16,FC Heidenheim,Mainz 05,0,2,3.0381,3.9083,understat,30526
Bundesliga,2025-2026,2026-05-16,St. Pauli,Wolfsburg,1,3,1.9872,4.0649,understat,30527
Bundesliga,2025-2026,2026-05-16,Union Berlin,Augsburg,4,0,2.4512,0.5062,understat,30528
Bundesliga,2025-2026,2026-05-16,Werder Bremen,Borussia Dortmund,0,2,0.5306,3.3741,understat,30529
